{"name":"d153d655-2431-48d1-bae6-aae82e305084","id":"/providers/Microsoft.Flow/flows/d153d655-2431-48d1-bae6-aae82e305084","type":"Microsoft.Flow/flows","properties":{"apiId":"/providers/Microsoft.PowerApps/apis/shared_logicflows","displayName":"D365 Customer Service+LUIS","definition":{"metadata":{"creator":{"id":"3e8efc1d-e43c-4691-8442-8bc85b817517","type":"User","tenantId":"90ae0cd2-6a3a-4f85-8ace-19593a1f3d9f"},"provisioningMethod":"FromDefinition","failureAlertSubscription":true,"clientLastModifiedTime":"2018-07-30T10:24:37.8601884Z"},"$schema":"https://schema.management.azure.com/providers/Microsoft.Logic/schemas/2016-06-01/workflowdefinition.json#","contentVersion":"1.0.0.0","parameters":{"$connections":{"defaultValue":{},"type":"Object"},"$authentication":{"defaultValue":{},"type":"SecureObject"}},"triggers":{"Neues_E-Mail_an_die_Serviceabteilung":{"recurrence":{"interval":1,"frequency":"Minute"},"splitOn":"@triggerBody()?['value']","metadata":{"Id::AAMkAGUwZjZiZDAyLThkOGQtNDBmNC05M2ZmLTUxZjg5YzM1M2RjOAAuAAAAAABYPkN1VAqvSp8tsj8IIBmSAQCF8wOJl5uXS4MFBVsWHfkiAAAAAAEMAAA=":"Inbox","flowSystemMetadata":{"swaggerOperationId":"OnNewEmail"},"Id::AQMkADk1MWNmNzliLTBjZDUtNDcyNC05NjcwLTA4NWVjYTI3ZDg0OAAuAAADlSov57R9ikGSoXWMS_40jwEAG4MwA7gqbE6z4k5rgXewqAAAAgEMAAAA":"Inbox"},"type":"ApiConnection","inputs":{"host":{"api":{"runtimeUrl":"https://flow-apim-europe-001-francecentral-01.azure-apim.net/apim/office365"},"connection":{"name":"@parameters('$connections')['shared_office365_1']['connectionId']"}},"method":"get","path":"/Mail/OnNewEmail","queries":{"folderPath":"Id::AQMkADk1MWNmNzliLTBjZDUtNDcyNC05NjcwLTA4NWVjYTI3ZDg0OAAuAAADlSov57R9ikGSoXWMS_40jwEAG4MwA7gqbE6z4k5rgXewqAAAAgEMAAAA","importance":"Any","fetchOnlyWithAttachment":false,"includeAttachments":false},"authentication":"@parameters('$authentication')"}}},"actions":{"Html_to_text":{"runAfter":{},"metadata":{"flowSystemMetadata":{"swaggerOperationId":"HtmlToText"}},"type":"ApiConnection","inputs":{"host":{"api":{"runtimeUrl":"https://flow-apim-europe-001-francecentral-01.azure-apim.net/apim/conversionservice"},"connection":{"name":"@parameters('$connections')['shared_conversionservice']['connectionId']"}},"method":"post","body":"@triggerBody()?['Body']","path":"/html2text","authentication":"@parameters('$authentication')"}},"Get_prediction":{"runAfter":{"Html_to_text":["Succeeded"]},"metadata":{"flowSystemMetadata":{"swaggerOperationId":"GetPredictions"}},"type":"ApiConnection","inputs":{"host":{"api":{"runtimeUrl":"https://flow-apim-europe-001-northeurope-01.azure-apim.net/apim/luis"},"connection":{"name":"@parameters('$connections')['shared_luis_1']['connectionId']"}},"method":"get","path":"/luis/v2.0/apps/@{encodeURIComponent('0bc60275c980431c8b166f37e397f077')}/","queries":{"q":"@body('Html_to_text')","verbose":true},"authentication":"@parameters('$authentication')"}},"Kunden_suchen":{"runAfter":{"Variable_Sentiment_initialisieren":["Succeeded"]},"metadata":{"flowSystemMetadata":{"swaggerOperationId":"GetItems"}},"type":"ApiConnection","inputs":{"host":{"api":{"runtimeUrl":"https://flow-apim-europe-001-westeurope-01.azure-apim.net/apim/dynamicscrmonline"},"connection":{"name":"@parameters('$connections')['shared_dynamicscrmonline']['connectionId']"}},"method":"get","path":"/datasets/@{encodeURIComponent(encodeURIComponent('org11dcc55a.crm4'))}/tables/@{encodeURIComponent(encodeURIComponent('accounts'))}/items","queries":{"$filter":"emailaddress1 eq '@{triggerBody()?['From']}'"},"authentication":"@parameters('$authentication')"}},"Kunde_gefunden":{"actions":{"Auf_alle_anwenden":{"foreach":"@body('Kunden_suchen')?['value']","actions":{"Neuen_Case_erstellen":{"runAfter":{},"metadata":{"flowSystemMetadata":{"swaggerOperationId":"PostItem"}},"type":"ApiConnection","inputs":{"host":{"api":{"runtimeUrl":"https://flow-apim-europe-001-westeurope-01.azure-apim.net/apim/dynamicscrmonline"},"connection":{"name":"@parameters('$connections')['shared_dynamicscrmonline']['connectionId']"}},"method":"post","path":"/datasets/@{encodeURIComponent(encodeURIComponent('org11dcc55a.crm4'))}/tables/@{encodeURIComponent(encodeURIComponent('incidents'))}/items","authentication":"@parameters('$authentication')"}},"Schlechtes_Sentiment":{"actions":{"Negativer_Case_an_Teams_Channel_posten":{"runAfter":{},"metadata":{"flowSystemMetadata":{"swaggerOperationId":"PostMessageToChannel"}},"type":"ApiConnection","inputs":{"host":{"api":{"runtimeUrl":"https://flow-apim-europe-001-northeurope-01.azure-apim.net/apim/teams"},"connection":{"name":"@parameters('$connections')['shared_teams']['connectionId']"}},"method":"post","body":{"rootMessage":{"body":{"content":"Ein neuer @{variables('Intent')} Case mit negativem Inhalt wurde für @{items('Auf_alle_anwenden')?['name']} erstelt. Die Case Nummer ist @{body('Neuen_Case_erstellen')?['ticketnumber']} und die Beschreibung des Problems lautet: <b>@{body('Neuen_Case_erstellen')?['description']}</b>\n<br>\n<h1>\n<a href=\"https://helmuw.crm4.dynamics.com/main.aspx?etc=112&extraqs=formid%3d4a63c8d1-6c1e-48ec-9db4-3e6c7155334c&id=%7b@{body('Neuen_Case_erstellen')?['incidentid']}%7d&pagetype=entityrecord\">CASE IN DYNAMICS 365 ÖFFNEN</a></h1>","contentType":1}}},"path":"/beta/groups/@{encodeURIComponent('9978e382-4a75-4642-949e-757a7bbfe91f')}/channels/@{encodeURIComponent('e44b8d1c-a479-4fa4-a23e-f4b8e0a1e7f1')}/chatThreads","authentication":"@parameters('$authentication')"}}},"runAfter":{"Neuen_Case_erstellen":["Succeeded"]},"expression":"@less(variables('Sentiment'), 0.5)","type":"If"}},"runAfter":{},"type":"Foreach"}},"runAfter":{"Kunden_suchen":["Succeeded"]},"expression":"@greater(length(body('Kunden_suchen')?['value']), 0)","type":"If"},"Variable_Intent_initialisieren":{"runAfter":{"Get_prediction":["Succeeded"]},"type":"InitializeVariable","inputs":{"variables":[{"name":"Intent","type":"String","value":"@body('Get_prediction')?['topScoringIntent']?['intent']"}]}},"Variable_Sentiment_initialisieren":{"runAfter":{"Variable_Intent_initialisieren":["Succeeded"]},"type":"InitializeVariable","inputs":{"variables":[{"name":"Sentiment","type":"Float","value":"@body('Get_prediction')['sentimentAnalysis']['score']"}]}}}},"connectionReferences":{"shared_conversionservice":{"connectionName":"1947785a792c4ca3bd7401cf19916ab3","source":"Embedded","id":"/providers/Microsoft.PowerApps/apis/shared_conversionservice","tier":"NotSpecified"},"shared_luis_1":{"connectionName":"904051090128443fa86e27c9fa7c5b00","source":"Embedded","id":"/providers/Microsoft.PowerApps/apis/shared_luis","tier":"NotSpecified"},"shared_dynamicscrmonline":{"connectionName":"645131e92b4e4346a6534c79fab6fcb2","source":"Embedded","id":"/providers/Microsoft.PowerApps/apis/shared_dynamicscrmonline","tier":"NotSpecified"},"shared_teams":{"connectionName":"b23ff6d20c4d4fdc8c45fd20512e4d12","source":"Embedded","id":"/providers/Microsoft.PowerApps/apis/shared_teams","tier":"NotSpecified"},"shared_office365_1":{"connectionName":"7f1201504e5c4d2ca8cdf7a46bbfc42f","source":"Embedded","id":"/providers/Microsoft.PowerApps/apis/shared_office365","tier":"NotSpecified"}},"flowFailureAlertSubscribed":false}}