{"schemaVersion":"1.0","appDefinitionTemplate":{"id":"/providers/Microsoft.PowerApps/apps/","type":"Microsoft.PowerApps/apps","tags":{"minimumRequiredApiVersion":"2.2.0"},"properties":{"appVersion":"2019-01-25T09:35:53Z","lifeCycleId":"Published","createdByClientVersion":{"major":3,"minor":19012,"build":19,"revision":0,"majorRevision":0,"minorRevision":0},"minClientVersion":{"major":3,"minor":19012,"build":19,"revision":0,"majorRevision":0,"minorRevision":0},"backgroundColor":"rgba(1, 60, 96, 1)","backgroundImageUri":"/17670003229969598914/N3c75109d-f694-4c64-822c-6460cb6181e3-logoSmallFile","displayName":"Damage Reporter","description":"Captures an image of a damaged cell phone and analyzes the type of damage to kick off the respective RMA process in Dynamics 365","appUris":{"documentUri":{"value":"/17670003229969598914/Nb0b52548-904e-4022-8131-8c5bd9836592-document.msapp","readonlyValue":"/17670003229969598914/Nb0b52548-904e-4022-8131-8c5bd9836592-document.msapp"},"imageUris":[]},"createdTime":"0001-01-01T00:00:00Z","lastModifiedTime":"0001-01-01T00:00:00Z","sharedGroupsCount":0,"sharedUsersCount":0,"icons":{"smallIconUri":"/17670003229969598914/N367c9a76-70e2-4506-b0b6-30edb99d359f-small.png","mediumIconUri":"/17670003229969598914/N9375612d-1276-4693-8fe6-f1cf7abd0a7a-medium.png","largeIconUri":"/17670003229969598914/N9cefeb27-1298-428b-8fe1-6151dc61e5e3-large.png","wideIconUri":"/17670003229969598914/N59d43966-7452-40f4-985f-3c89358d0c38-wide.png"},"connectionReferences":{"fa3f6661-9403-4a0d-aaf8-07055fa6d7f3":{"id":"39c6f3c8-e5aa-4694-b7b9-a652e7c20485","displayName":"Custom Vision","iconUri":"https://connectoricons-prod.azureedge.net/cognitiveservicescustomvision/icon_1.0.1073.1287.png","dataSources":["CustomVision"],"dependencies":[],"dependents":[],"parameterHints":{},"isOnPremiseConnection":false,"sharedConnectionId":"ab491af4-e56c-4765-80f5-73e3c5f0f978","bypassConsent":false,"dataSets":{},"apiTier":"Standard","isCustomApiConnection":false},"41b0deae-1610-4521-90de-9fad3448d2cc":{"id":"bc6c6bc8-3876-4129-b311-b8010ba40245","displayName":"Dynamics 365","iconUri":"https://connectoricons-prod.azureedge.net/dynamicscrmonline/icon_1.0.1008.1183.png","dataSources":["Customer Assets","Cases"],"dependencies":[],"dependents":["0f5bf83b-625c-4ad5-b485-6c118441c884"],"parameterHints":{},"isOnPremiseConnection":false,"bypassConsent":false,"dataSets":{"orga506ee24.crm4":{"dataSources":{"Customer Assets":{"tableName":"msdyn_customerassets"},"Cases":{"tableName":"incidents"}}}},"apiTier":"Standard","isCustomApiConnection":false},"f8ed20fc-e89b-4e90-9941-41a5c838a3c6":{"id":"16a70990-58b6-441a-b147-c8a6402ba83a","displayName":"Common Data Service","iconUri":"https://connectoricons-prod.azureedge.net/commondataservice/icon_1.0.1137.1425.png","dataSources":[],"dependencies":[],"dependents":["0f5bf83b-625c-4ad5-b485-6c118441c884"],"parameterHints":{},"isOnPremiseConnection":false,"bypassConsent":false,"dataSets":{},"apiTier":"Premium","isCustomApiConnection":false},"5e6dfe25-5da6-4d88-bbdf-1e2d2fbd2038":{"id":"3a05d372-88e8-4412-9cd1-23790a123e1f","displayName":"Office 365 Users","iconUri":"https://connectoricons-prod.azureedge.net/office365users/icon_1.0.1002.1175.png","dataSources":[],"dependencies":[],"dependents":["0f5bf83b-625c-4ad5-b485-6c118441c884"],"parameterHints":{},"isOnPremiseConnection":false,"bypassConsent":false,"dataSets":{},"apiTier":"Standard","isCustomApiConnection":false},"0f5bf83b-625c-4ad5-b485-6c118441c884":{"id":"e3c7de2a-8554-438e-a60b-d51563a3fe74","displayName":"Logic flows","iconUri":"https://resourcestackdeploy.blob.core.windows.net/scripts/13276078.png","dataSources":["Createcasefrommobiledamagereport"],"dependencies":["41b0deae-1610-4521-90de-9fad3448d2cc","f8ed20fc-e89b-4e90-9941-41a5c838a3c6","5e6dfe25-5da6-4d88-bbdf-1e2d2fbd2038"],"dependents":[],"parameterHints":{"workflowName":{"value":"0ee09013-a2ff-48af-90c2-01681d0b3518"},"41b0deae-1610-4521-90de-9fad3448d2cc":{"value":"shared_dynamicscrmonline"},"f8ed20fc-e89b-4e90-9941-41a5c838a3c6":{"value":"shared_commondataservice"},"5e6dfe25-5da6-4d88-bbdf-1e2d2fbd2038":{"value":"shared_office365users"}},"isOnPremiseConnection":false,"bypassConsent":false,"dataSets":{},"apiTier":"Standard","isCustomApiConnection":false}},"almMode":"Environment"}}}