{"name":"9721285d-26e5-460e-aa2f-6c992395eef7","id":"/providers/Microsoft.Flow/flows/9721285d-26e5-460e-aa2f-6c992395eef7","type":"Microsoft.Flow/flows","properties":{"apiId":"/providers/Microsoft.PowerApps/apis/shared_logicflows","displayName":"Create Case Approval from IoT Alert","definition":{"metadata":{"creator":{"id":"3e8efc1d-e43c-4691-8442-8bc85b817517","type":"User","tenantId":"90ae0cd2-6a3a-4f85-8ace-19593a1f3d9f"},"provisioningMethod":"FromDefinition","failureAlertSubscription":true,"clientLastModifiedTime":"2018-08-02T10:29:56.6432965Z"},"$schema":"https://schema.management.azure.com/providers/Microsoft.Logic/schemas/2016-06-01/workflowdefinition.json#","contentVersion":"1.0.0.0","parameters":{"$connections":{"defaultValue":{},"type":"Object"},"$authentication":{"defaultValue":{},"type":"SecureObject"}},"triggers":{"When_a_record_is_created":{"recurrence":{"interval":1,"frequency":"Minute"},"splitOn":"@triggerBody()?['value']","metadata":{"flowSystemMetadata":{"swaggerOperationId":"GetOnNewItems"}},"type":"ApiConnection","inputs":{"host":{"api":{"runtimeUrl":"https://europe-001.azure-apim.net/apim/dynamicscrmonline"},"connection":{"name":"@parameters('$connections')['shared_dynamicscrmonline']['connectionId']"}},"method":"get","path":"/datasets/@{encodeURIComponent(encodeURIComponent('org11dcc55a.crm4'))}/tables/@{encodeURIComponent(encodeURIComponent('msdyn_iotalerts'))}/onnewitems","authentication":"@parameters('$authentication')"}}},"actions":{"Start_an_approval":{"runAfter":{},"metadata":{"flowSystemMetadata":{"swaggerOperationId":"approvalSubscribeV2"}},"type":"ApiConnectionWebhook","inputs":{"host":{"api":{"runtimeUrl":"https://europe-001.azure-apim.net/apim/approvals"},"connection":{"name":"@parameters('$connections')['shared_approvals']['connectionId']"}},"body":{"notificationUrl":"@{listCallbackUrl()}","title":"Sensor @{triggerBody()?['_msdyn_device_value']}, created an alert. Please review and decide on case creation.","assignedTo":"AndreasAschauer@AndreasAschauer.onmicrosoft.com;","details":"@triggerBody()?['msdyn_description']","itemLink":"@triggerBody()?['msdyn_alerturl']","itemLinkDescription":"Alert Details"},"path":"/types/@{encodeURIComponent('Basic')}/$subscriptions","authentication":"@parameters('$authentication')"}},"Condition":{"actions":{"Create_a_new_record":{"runAfter":{},"metadata":{"flowSystemMetadata":{"swaggerOperationId":"PostItem"}},"type":"ApiConnection","inputs":{"host":{"api":{"runtimeUrl":"https://europe-001.azure-apim.net/apim/dynamicscrmonline"},"connection":{"name":"@parameters('$connections')['shared_dynamicscrmonline']['connectionId']"}},"method":"post","body":{"title":"Case for Sensor Alert - @{triggerBody()?['_msdyn_device_value']}","casetypecode":1,"_casetypecode_label":"Problem","_primarycontactid_value":"@triggerBody()?['_ownerid_value']","description":"@triggerBody()?['msdyn_description']","merged":false,"activitiescomplete":false,"blockedprofile":false,"_incidentstagecode_label":"Default Value","checkemail":false,"customercontacted":false,"decremententitlementterm":true,"isdecrementing":false,"firstresponsesent":false,"_firstresponseslastatus_label":"In Progress","followuptaskcreated":false,"isescalated":false,"_prioritycode_label":"Normal","adx_publishtoweb":false,"_resolvebyslastatus_label":"In Progress","routecase":true,"_severitycode_label":"Default Value","int_surveryparticipation":false,"int_upsellreferral":false,"new_upsellreferral":false},"path":"/datasets/@{encodeURIComponent(encodeURIComponent('org11dcc55a.crm4'))}/tables/@{encodeURIComponent(encodeURIComponent('incidents'))}/items","authentication":"@parameters('$authentication')"}}},"runAfter":{"Start_an_approval":["Succeeded"]},"expression":"@equals(body('Start_an_approval')?['response'], 'Approve')","type":"If"}}},"connectionReferences":{"shared_dynamicscrmonline":{"connectionName":"c4276d6813754812aa54478cd6622b80","source":"Embedded","id":"/providers/Microsoft.PowerApps/apis/shared_dynamicscrmonline","tier":"NotSpecified"},"shared_approvals":{"connectionName":"shared-approvals-69cd854b-ccb5-42ab-a9e9-6b14911e28de","source":"Embedded","id":"/providers/Microsoft.PowerApps/apis/shared_approvals","tier":"NotSpecified"}},"flowFailureAlertSubscribed":false}}