{"name":"89e81fa9-9fb5-4a09-88ff-20d49eda4862","id":"/providers/Microsoft.Flow/flows/89e81fa9-9fb5-4a09-88ff-20d49eda4862","type":"Microsoft.Flow/flows","properties":{"apiId":"/providers/Microsoft.PowerApps/apis/shared_logicflows","displayName":"Scan Business Card","definition":{"$schema":"https://schema.management.azure.com/providers/Microsoft.Logic/schemas/2016-06-01/workflowdefinition.json#","contentVersion":"1.0.0.0","parameters":{"$connections":{"defaultValue":{},"type":"Object"},"$authentication":{"defaultValue":{},"type":"SecureObject"}},"triggers":{"manual":{"type":"Request","kind":"Button","inputs":{"schema":{"type":"object","required":[],"properties":{"file":{"type":"object","x-ms-dynamically-added":true,"description":"Please image of business card","title":"File Content","x-ms-content-hint":"FILE","properties":{"name":{"type":"string"},"contentBytes":{"type":"string","format":"byte"}}}}}}}},"actions":{"Send_an_email":{"runAfter":{"Contact_data_from_raw_text":["Succeeded"]},"metadata":{"flowSystemMetadata":{"swaggerOperationId":"SendEmail"}},"type":"ApiConnection","inputs":{"host":{"api":{"runtimeUrl":"https://firstrelease-001.azure-apim.net/apim/office365"},"connection":{"name":"@json(decodeBase64(triggerOutputs().headers['X-MS-APIM-Tokens']))['$connections']['shared_office365']['connectionId']"}},"method":"post","body":{"To":"anaschau@microsoft.com","Subject":"Business Card Scanner","Body":"Name: @{body('Contact_data_from_raw_text')?['FullName']}, Address: @{body('Contact_data_from_raw_text')?['Address']}, Email: @{body('Contact_data_from_raw_text')?['Email']}, Mobile: @{body('Contact_data_from_raw_text')?['Mobile']},Org: @{body('Contact_data_from_raw_text')?['Organisation']},Web:@{body('Contact_data_from_raw_text')?['Website']}"},"path":"/Mail","authentication":{"type":"Raw","value":"@json(decodeBase64(triggerOutputs().headers['X-MS-APIM-Tokens']))['$ConnectionKey']"}}},"Scan_Image_to_Text":{"runAfter":{},"metadata":{"flowSystemMetadata":{"swaggerOperationId":"OCRText"}},"type":"ApiConnection","inputs":{"host":{"api":{"runtimeUrl":"https://firstrelease-001.azure-apim.net/apim/cognitiveservicescomputervision"},"connection":{"name":"@json(decodeBase64(triggerOutputs().headers['X-MS-APIM-Tokens']))['$connections']['shared_cognitiveservicescomputervision_1']['connectionId']"}},"method":"post","body":"@base64ToBinary(triggerBody()?['file']?['contentBytes'])","path":"/vision/v1.0/ocrtext","queries":{"format":"Image Content","language":"unk","detectOrientation":true},"authentication":{"type":"Raw","value":"@json(decodeBase64(triggerOutputs().headers['X-MS-APIM-Tokens']))['$ConnectionKey']"}}},"Contact_data_from_raw_text":{"runAfter":{"Scan_Image_to_Text":["Succeeded"]},"metadata":{"flowSystemMetadata":{"swaggerOperationId":"/api/ExtractData/post"}},"type":"ApiConnection","inputs":{"host":{"api":{"runtimeUrl":"https://firstrelease-001.azure-apim.net/apim/business.20card.20data.20extractor.5f4c1e90cbd0-802f674a4956ed06"},"connection":{"name":"@json(decodeBase64(triggerOutputs().headers['X-MS-APIM-Tokens']))['$connections']['shared_business.20card.20data.20extractor.5f4c1e90cbd0-802f674a4956ed06']['connectionId']"}},"method":"post","body":"@body('Scan_Image_to_Text')?['text']","path":"/api/ExtractData","authentication":{"type":"Raw","value":"@json(decodeBase64(triggerOutputs().headers['X-MS-APIM-Tokens']))['$ConnectionKey']"}}},"Create_a_new_record_(Preview)":{"runAfter":{"Send_an_email":["Succeeded"]},"metadata":{"flowSystemMetadata":{"swaggerOperationId":"PostItem_V2"}},"type":"ApiConnection","inputs":{"host":{"api":{"runtimeUrl":"https://firstrelease-001.azure-apim.net/apim/dynamicscrmonline"},"connection":{"name":"@json(decodeBase64(triggerOutputs().headers['X-MS-APIM-Tokens']))['$connections']['shared_dynamicscrmonline']['connectionId']"}},"method":"post","body":{"subject":"Business Contact scanned:@{body('Contact_data_from_raw_text')?['Organisation']}-@{body('Contact_data_from_raw_text')?['FullName']}","_leadsourcecode_label":"Sales","merged":false,"_address1_addresstypecode_label":"Default Value","address1_telephone1":"@body('Contact_data_from_raw_text')?['Phone']","_address2_addresstypecode_label":"Default Value","confirminterest":true,"_msp_cssworkflow_label":"Non Sales","msp_customeragreementcode":false,"decisionmaker":true,"donotbulkemail":false,"donotemail":false,"donotfax":false,"donotpostalmail":false,"donotphone":false,"_msp_donotallowbusinessphonecode_label":"Unknown","_msp_donotallowemailcode_label":"Unknown","_msp_donotallowfaxcode_label":"Unknown","_msp_donotallowmailcode_label":"Unknown","_msp_donotallowmobilephonecode_label":"Unknown","_msp_donotallowpartnerbusinessphonecode_label":"Unknown","_msp_donotallowpartneremailcode_label":"Unknown","_msp_donotallowpartnermailcode_label":"Unknown","_msp_donotallowpartnermobilephonecode_label":"Unknown","_msp_preferencetypecode_label":"MS Wide","emailaddress1":"@body('Contact_data_from_raw_text')?['Email']","evaluatefit":true,"followemail":true,"msdyn_gdproptout":false,"msp_internalagreementcode":false,"donotsendmm":false,"participatesinworkflow":false,"msp_partnerfundingcode":false,"_preferredcontactmethodcode_label":"Any","_prioritycode_label":"Default Value","_leadqualitycode_label":"Warm","_salesstagecode_label":"Default Value","_statecode_label":"Open"},"path":"/v2/datasets/@{encodeURIComponent(encodeURIComponent('microsoftsales55.crm'))}/tables/@{encodeURIComponent(encodeURIComponent('leads'))}/items","authentication":{"type":"Raw","value":"@json(decodeBase64(triggerOutputs().headers['X-MS-APIM-Tokens']))['$ConnectionKey']"}}}},"outputs":{}},"connectionReferences":{"shared_office365":{"connectionName":"8ae27454daff4327aed88462872af3de","source":"Invoker","id":"/providers/Microsoft.PowerApps/apis/shared_office365","tier":"NotSpecified"},"shared_cognitiveservicescomputervision_1":{"connectionName":"shared-cognitiveserv-62bf390a-6734-4a1c-87a8-c3b69f650d41","source":"Invoker","id":"/providers/Microsoft.PowerApps/apis/shared_cognitiveservicescomputervision","tier":"NotSpecified"},"shared_business.20card.20data.20extractor.5f4c1e90cbd0-802f674a4956ed06":{"connectionName":"58362c834a9f41e8a11c7b56d64925f6","source":"Invoker","id":"/providers/Microsoft.PowerApps/apis/shared_business.20card.20data.20extractor.5f4c1e90cbd0-802f674a4956ed06","tier":"NotSpecified"},"shared_dynamicscrmonline":{"connectionName":"d13ffe6ff0244046b8c5cbdeecd4c91d","source":"Invoker","id":"/providers/Microsoft.PowerApps/apis/shared_dynamicscrmonline","tier":"NotSpecified"}},"flowFailureAlertSubscribed":false}}