{"name":"f3dac028-e97c-4fb4-9183-0566a1b45075","id":"/providers/Microsoft.Flow/flows/f3dac028-e97c-4fb4-9183-0566a1b45075","type":"Microsoft.Flow/flows","properties":{"apiId":"/providers/Microsoft.PowerApps/apis/shared_logicflows","displayName":"Geocode accounts from MSX > Excel > Sharepoint List","definition":{"$schema":"https://schema.management.azure.com/providers/Microsoft.Logic/schemas/2016-06-01/workflowdefinition.json#","contentVersion":"1.0.0.0","parameters":{"$connections":{"defaultValue":{},"type":"Object"},"$authentication":{"defaultValue":{},"type":"SecureObject"}},"triggers":{"Recurrence":{"recurrence":{"frequency":"Month","interval":1},"type":"Recurrence"}},"actions":{"List_records_(Preview)":{"runAfter":{},"metadata":{"flowSystemMetadata":{"swaggerOperationId":"GetItems_V2"}},"type":"ApiConnection","inputs":{"host":{"api":{"runtimeUrl":"https://firstrelease-001.azure-apim.net/apim/dynamicscrmonline"},"connection":{"name":"@parameters('$connections')['shared_dynamicscrmonline']['connectionId']"}},"method":"get","path":"/v2/datasets/@{encodeURIComponent(encodeURIComponent('microsoftsales55.crm'))}/tables/@{encodeURIComponent(encodeURIComponent('accounts'))}/items","queries":{"$filter":"address1_country eq 'Austria'"},"authentication":"@parameters('$authentication')"}},"Apply_to_each":{"foreach":"@body('List_records_(Preview)')?['value']","actions":{"Get_location_by_address":{"runAfter":{},"metadata":{"flowSystemMetadata":{"swaggerOperationId":"GetLocationByAddress"}},"type":"ApiConnection","inputs":{"host":{"api":{"runtimeUrl":"https://firstrelease-001.azure-apim.net/apim/bingmaps"},"connection":{"name":"@parameters('$connections')['shared_bingmaps']['connectionId']"}},"method":"get","path":"/REST/v1/Locations","queries":{"addressLine":"@items('Apply_to_each')?['address1_line1']","locality":"@items('Apply_to_each')?['address1_city']","countryRegion":"@items('Apply_to_each')?['address1_country']"},"authentication":"@parameters('$authentication')"}},"Insert_row":{"runAfter":{"Get_location_by_address":["Succeeded"]},"metadata":{"01JKEDXDNN43NY5WTILJBIXZ6MWW3YTLVC":"/Reports/FlowGeocodeTest.xlsx","flowSystemMetadata":{"swaggerOperationId":"PostItem"}},"type":"ApiConnection","inputs":{"host":{"api":{"runtimeUrl":"https://firstrelease-001.azure-apim.net/apim/excel"},"connection":{"name":"@parameters('$connections')['shared_excel']['connectionId']"}},"method":"post","body":{"ID":"@items('Apply_to_each')?['msp_accountnumber']","Name":"@items('Apply_to_each')?['name']","Latitude":"@{body('Get_location_by_address')?['point']?['coordinates']?['latitude']}","Longitude":"@{body('Get_location_by_address')?['point']?['coordinates']?['longitude']}","Address":"@body('Get_location_by_address')?['address']?['formattedAddress']"},"path":"/datasets/@{encodeURIComponent(encodeURIComponent('01JKEDXDNN43NY5WTILJBIXZ6MWW3YTLVC'))}/tables/@{encodeURIComponent(encodeURIComponent('TableGeoLocatedAccounts'))}/items","authentication":"@parameters('$authentication')"}}},"runAfter":{"List_records_(Preview)":["Succeeded"]},"type":"Foreach"}},"outputs":{}},"connectionReferences":{"shared_dynamicscrmonline":{"connectionName":"d13ffe6ff0244046b8c5cbdeecd4c91d","source":"Embedded","id":"/providers/Microsoft.PowerApps/apis/shared_dynamicscrmonline","tier":"NotSpecified"},"shared_bingmaps":{"connectionName":"shared-bingmaps-ce5283d0-5605-4dba-9ab9-9498f9d2783e","source":"Embedded","id":"/providers/Microsoft.PowerApps/apis/shared_bingmaps","tier":"NotSpecified"},"shared_excel":{"connectionName":"shared-excel-7356ae7f-ef9c-479d-8c4f-5b46bfc1559f","source":"Embedded","id":"/providers/Microsoft.PowerApps/apis/shared_excel","tier":"NotSpecified"}},"flowFailureAlertSubscribed":false}}