{"name":"36a54bf5-c349-4659-9f8b-4cffa23c304d","id":"/providers/Microsoft.Flow/flows/36a54bf5-c349-4659-9f8b-4cffa23c304d","type":"Microsoft.Flow/flows","properties":{"apiId":"/providers/Microsoft.PowerApps/apis/shared_logicflows","displayName":"Create case from mobile damage report","definition":{"metadata":{"workflowEntityId":null,"creator":{"id":"3e8efc1d-e43c-4691-8442-8bc85b817517","type":"User","tenantId":"90ae0cd2-6a3a-4f85-8ace-19593a1f3d9f"},"provisioningMethod":"FromDefinition","failureAlertSubscription":true,"clientLastModifiedTime":"2019-01-25T09:17:28.2821715Z"},"$schema":"https://schema.management.azure.com/providers/Microsoft.Logic/schemas/2016-06-01/workflowdefinition.json#","contentVersion":"1.0.0.0","parameters":{"$connections":{"defaultValue":{},"type":"Object"},"$authentication":{"defaultValue":{},"type":"SecureObject"}},"triggers":{"manual":{"type":"Request","kind":"PowerApp","inputs":{"schema":{"type":"object","required":["Createanewrecord_title","Getcustomerasset_id"],"properties":{"Createanewrecord_title":{"type":"string"},"Getcustomerasset_id":{"type":"string","description":"Identifier for the record","x-ms-powerflows-param-ispartial":false}}}}}},"actions":{"Respond_with_case_number":{"runAfter":{"Create_Case":["Succeeded"]},"type":"Response","kind":"PowerApp","inputs":{"statusCode":200,"body":{"message":"Case  @{body('Create_Case')?['ticketnumber']}  successfully created. @{variables('ProductName')} will be ordered and replaced.","case":"@body('Create_Case')?['ticketnumber']","product":"@variables('ProductName')"},"schema":{"type":"object","properties":{"message":{"title":"message","type":"string","x-ms-dynamically-added":true},"case":{"title":"case","type":"string","x-ms-dynamically-added":true},"product":{"title":"product","type":"string","x-ms-dynamically-added":true}}}}},"Respond_with_error":{"runAfter":{"Create_Case":["Failed"]},"type":"Response","kind":"PowerApp","inputs":{"statusCode":200,"body":{"message":"There was an error creating your case","case":"##","product":"#"},"schema":{"type":"object","properties":{"message":{"title":"message","type":"string","x-ms-dynamically-added":true},"case":{"title":"case","type":"string","x-ms-dynamically-added":true},"product":{"title":"product","type":"string","x-ms-dynamically-added":true}}}}},"Get_contact":{"runAfter":{"Get_my_profile_(V2)":["Succeeded"]},"metadata":{"flowSystemMetadata":{"swaggerOperationId":"GetItems"}},"type":"ApiConnection","inputs":{"host":{"connection":{"name":"@json(decodeBase64(triggerOutputs().headers['X-MS-APIM-Tokens']))['$connections']['shared_dynamicscrmonline']['connectionId']"},"api":{"runtimeUrl":"https://europe-002.azure-apim.net/apim/dynamicscrmonline"}},"method":"get","path":"/datasets/@{encodeURIComponent(encodeURIComponent('orga506ee24.crm4'))}/tables/@{encodeURIComponent(encodeURIComponent('contacts'))}/items","queries":{"$filter":"emailaddress1 eq '@{body('Get_my_profile_(V2)')?['mail']}'","$top":1},"authentication":{"type":"Raw","value":"@json(decodeBase64(triggerOutputs().headers['X-MS-APIM-Tokens']))['$ConnectionKey']"}}},"Get_my_profile_(V2)":{"runAfter":{"Glass_or_TFT_needed":["Succeeded"]},"metadata":{"flowSystemMetadata":{"swaggerOperationId":"MyProfile_V2"}},"type":"ApiConnection","inputs":{"host":{"connection":{"name":"@json(decodeBase64(triggerOutputs().headers['X-MS-APIM-Tokens']))['$connections']['shared_office365users']['connectionId']"},"api":{"runtimeUrl":"https://europe-002.azure-apim.net/apim/office365users"}},"method":"get","path":"/codeless/v1.0/me","authentication":{"type":"Raw","value":"@json(decodeBase64(triggerOutputs().headers['X-MS-APIM-Tokens']))['$ConnectionKey']"}}},"Initialize_ContactId":{"runAfter":{},"type":"InitializeVariable","inputs":{"variables":[{"name":"ContactId","type":"String"}]}},"Get_customer_asset":{"runAfter":{"Apply_to_each":["Succeeded"]},"metadata":{"flowSystemMetadata":{"swaggerOperationId":"GetItem_V2"}},"type":"ApiConnection","inputs":{"host":{"connection":{"name":"@json(decodeBase64(triggerOutputs().headers['X-MS-APIM-Tokens']))['$connections']['shared_commondataservice']['connectionId']"},"api":{"runtimeUrl":"https://europe-002.azure-apim.net/apim/commondataservice"}},"method":"get","path":"/v2/datasets/@{encodeURIComponent(encodeURIComponent('orga506ee24.crm4'))}/tables/@{encodeURIComponent(encodeURIComponent('msdyn_customerassets'))}/items/@{encodeURIComponent(encodeURIComponent(triggerBody()['Getcustomerasset_id']))}","authentication":{"type":"Raw","value":"@json(decodeBase64(triggerOutputs().headers['X-MS-APIM-Tokens']))['$ConnectionKey']"}}},"Apply_to_each":{"foreach":"@body('Get_contact')?['value']","actions":{"Set_ContactId":{"runAfter":{},"type":"SetVariable","inputs":{"name":"ContactId","value":"@items('Apply_to_each')?['contactid']"}}},"runAfter":{"Get_contact":["Succeeded"]},"type":"Foreach"},"Create_Case":{"runAfter":{"Apply_to_each_2":["Succeeded"]},"metadata":{"flowSystemMetadata":{"swaggerOperationId":"PostItem_V2"}},"type":"ApiConnection","inputs":{"host":{"connection":{"name":"@json(decodeBase64(triggerOutputs().headers['X-MS-APIM-Tokens']))['$connections']['shared_commondataservice']['connectionId']"},"api":{"runtimeUrl":"https://europe-002.azure-apim.net/apim/commondataservice"}},"method":"post","body":{"title":"@triggerBody()['Createanewrecord_title']","casetypecode":2,"caseorigincode":3,"_customerid_value":"@body('Get_customer_asset')['_msdyn_account_value']","_a1a_customerasset_value":"@body('Get_customer_asset')?['msdyn_customerassetid']","_customerid_type":"accounts","_ownerid_value":"4dec6bf5-afdd-4446-bf6b-48a176698531","_ownerid_type":"systemusers","_productid_value":"@variables('ProductId')","merged":false,"activitiescomplete":false,"blockedprofile":false,"checkemail":false,"customercontacted":false,"decremententitlementterm":true,"isdecrementing":false,"firstresponsesent":false,"followuptaskcreated":false,"isescalated":false,"adx_publishtoweb":false,"routecase":true,"_msdyn_incidenttype_value":"8cbcf9b8-0e1f-e911-a954-000d3ab6413d"},"path":"/v2/datasets/@{encodeURIComponent(encodeURIComponent('orga506ee24.crm4'))}/tables/@{encodeURIComponent(encodeURIComponent('incidents'))}/items","authentication":{"type":"Raw","value":"@json(decodeBase64(triggerOutputs().headers['X-MS-APIM-Tokens']))['$ConnectionKey']"}}},"Get_product":{"runAfter":{"Get_customer_asset":["Succeeded"]},"metadata":{"flowSystemMetadata":{"swaggerOperationId":"GetItems_V2"}},"type":"ApiConnection","inputs":{"host":{"connection":{"name":"@json(decodeBase64(triggerOutputs().headers['X-MS-APIM-Tokens']))['$connections']['shared_commondataservice']['connectionId']"},"api":{"runtimeUrl":"https://europe-002.azure-apim.net/apim/commondataservice"}},"method":"get","path":"/v2/datasets/@{encodeURIComponent(encodeURIComponent('orga506ee24.crm4'))}/tables/@{encodeURIComponent(encodeURIComponent('products'))}/items","queries":{"$filter":"name eq '@{variables('Product')}'","$top":1},"authentication":{"type":"Raw","value":"@json(decodeBase64(triggerOutputs().headers['X-MS-APIM-Tokens']))['$ConnectionKey']"}}},"Initialize_ProductSearch":{"runAfter":{"Initialize_ContactId":["Succeeded"]},"type":"InitializeVariable","inputs":{"variables":[{"name":"Product","type":"String"}]}},"Initialize_ProductId":{"runAfter":{"Initialize_ProductName":["Succeeded"]},"type":"InitializeVariable","inputs":{"variables":[{"name":"ProductId","type":"String"}]}},"Glass_or_TFT_needed":{"actions":{"Set_Product_to_glass":{"runAfter":{},"type":"SetVariable","inputs":{"name":"Product","value":"Gorilla Glass 9\""}}},"runAfter":{"Initialize_ProductId":["Succeeded"]},"else":{"actions":{"Set_Product_to_TFT":{"runAfter":{},"type":"SetVariable","inputs":{"name":"Product","value":"TFT Display"}}}},"expression":"@contains(triggerBody()['Createanewrecord_title'], 'glass')","type":"If"},"Apply_to_each_2":{"foreach":"@body('Get_product')?['value']","actions":{"Set_product_id":{"runAfter":{},"type":"SetVariable","inputs":{"name":"ProductId","value":"@items('Apply_to_each_2')?['productid']"}},"Set_product_name":{"runAfter":{"Set_product_id":["Succeeded"]},"type":"SetVariable","inputs":{"name":"ProductName","value":"@items('Apply_to_each_2')?['name']"}}},"runAfter":{"Get_product":["Succeeded"]},"type":"Foreach"},"Initialize_ProductName":{"runAfter":{"Initialize_ProductSearch":["Succeeded"]},"type":"InitializeVariable","inputs":{"variables":[{"name":"ProductName","type":"String"}]}}},"outputs":{},"description":"Create one or more actions to happen when a button or link in PowerApps is selected. To use this flow from a PowerApp, select the control you want to trigger the flow and go to the Action tab in the PowerApps ribbon and select Flows."},"connectionReferences":{"shared_dynamicscrmonline":{"connectionName":"shared-dynamicscrmon-0f756c1f-09cc-4b1a-a2bf-3249878f865b","source":"Invoker","id":"/providers/Microsoft.PowerApps/apis/shared_dynamicscrmonline","tier":"NotSpecified"},"shared_office365users":{"connectionName":"shared-office365user-473cae20-cdb3-4ff5-bcc5-990bbb3cf769","source":"Invoker","id":"/providers/Microsoft.PowerApps/apis/shared_office365users","tier":"NotSpecified"},"shared_commondataservice":{"connectionName":"shared-commondataser-17253118-6dae-4917-9804-47b4f5b1b69f","source":"Invoker","id":"/providers/Microsoft.PowerApps/apis/shared_commondataservice","tier":"NotSpecified"}},"flowFailureAlertSubscribed":false}}